"","Example1_1","Example1_2","Example1_3"
" NEEYNK{Fuc:1; Hex:6; HexNAc:5; Neu5Ac:3}",922559.630127,687820.916748,1595305.65234
" NEEYNK{Fuc:2; Hex:5; HexNAc:4; Neu5Ac:1}",0,4536.49658203,0
" NEEYNK{Fuc:2; Hex:6; HexNAc:5; Neu5Ac:2}",0,3237.171875,0
" NEEYNK{Fuc:3; Hex:6; HexNAc:5; Neu5Ac:2}",0,13234.1171875,0
" NEEYNK{Hex:5; HexNAc:4; Neu5Ac:2}",5710249.07336,5050663.26526,7803325.87927
" NEEYNK{Hex:6; HexNAc:5; Neu5Ac:3}",5094637.853147,4219379.491698,7318348.90454
