"","Example1_1","Example1_2","Example1_3"
" QDQCIYNTTYLNVQR{Fuc:1; Hex:6; HexNAc:5; Neu5Ac:3}",8064465.56104,7447040.87964,12787148.7158
" QDQCIYNTTYLNVQR{Fuc:1; Hex:7; HexNAc:6; Neu5Ac:3}",1901059.3667,1888042.40088,2172830.91821
" QDQCIYNTTYLNVQR{Fuc:1; Hex:7; HexNAc:6; Neu5Ac:4}",8926511.17773,10712492.3535,11229164.2266
" QDQCIYNTTYLNVQR{Hex:5; HexNAc:4; Neu5Ac:2}",0,903796.937012,0
" QDQCIYNTTYLNVQR{Hex:6; HexNAc:5; Neu5Ac:2}",3424624.65576,3878207.5957,4745014.17139
" QDQCIYNTTYLNVQR{Hex:6; HexNAc:5; Neu5Ac:3}",38144012.47704,41418522.51124,48039480.0622
" QDQCIYNTTYLNVQR{Hex:7; HexNAc:6; Neu5Ac:2}",11584322.0283,12811638.0513,14972400.688
" QDQCIYNTTYLNVQR{Hex:7; HexNAc:6; Neu5Ac:3}",13113369.3018,13843726.28418,14818325.00191
" QDQCIYNTTYLNVQR{Hex:7; HexNAc:6; Neu5Ac:4}",39507515.65913,47097141.4431,49736357.0962
" QDQCIYNTTYLNVQR{Hex:8; HexNAc:7; Neu5Ac:3}",0,4255711.58594,4446780.08496
" QDQCIYNTTYLNVQR{Hex:8; HexNAc:7; Neu5Ac:4}",3307756.44336,4032533.04297,4207904.42847
