"","Example1_1","Example1_2","Example1_3"
" SVQEIQATFFYFTPNK{Fuc:1; Hex:6; HexNAc:5; Neu5Ac:3}",25970690.1113,21204752.4629,24324142.3081
" SVQEIQATFFYFTPNK{Fuc:1; Hex:7; HexNAc:6; Neu5Ac:2}",7237130.84521,6462856.89648,7937002.15649
" SVQEIQATFFYFTPNK{Fuc:1; Hex:7; HexNAc:6; Neu5Ac:3}",16763373.6221,14002791.5806,15888236.7129
" SVQEIQATFFYFTPNK{Fuc:1; Hex:7; HexNAc:6; Neu5Ac:4}",2967103.51953,0,2830734.98364
" SVQEIQATFFYFTPNK{Fuc:2; Hex:7; HexNAc:6; Neu5Ac:2}",6252.59619141,0,0
" SVQEIQATFFYFTPNK{Fuc:4; Hex:6; HexNAc:6; Neu5Ac:1}",6733036.14062,0,0
" SVQEIQATFFYFTPNK{Hex:5; HexNAc:4; Neu5Ac:2}",17684336.7783,24710459.7517,9349683.56128
" SVQEIQATFFYFTPNK{Hex:6; HexNAc:5; Neu5Ac:1}",1394585.64746,1787043.88818,872426.514648
" SVQEIQATFFYFTPNK{Hex:6; HexNAc:5; Neu5Ac:2}",28260096.6147,25179362.9199,28868553.2358
" SVQEIQATFFYFTPNK{Hex:6; HexNAc:5; Neu5Ac:3}",183293334.3533,158835821.1429,179156217.7291
" SVQEIQATFFYFTPNK{Hex:7; HexNAc:6; Neu5Ac:1}",2079392.15234,0,2225936.35449
" SVQEIQATFFYFTPNK{Hex:7; HexNAc:6; Neu5Ac:2}",63078127.1514014,56671231.57668,67878326.72969
" SVQEIQATFFYFTPNK{Hex:7; HexNAc:6; Neu5Ac:3}",123825832.2461,110715917.0697,127037528.6549
" SVQEIQATFFYFTPNK{Hex:7; HexNAc:6; Neu5Ac:4}",52779366.26143,43405060.6362,55044905.57544
" SVQEIQATFFYFTPNK{Hex:8; HexNAc:7; Neu5Ac:3}",6774297.49658,6160135.69824,0
