"","Example2_1","Example2_2","Example2_3"
" QDQCIYNTTYLNVQR{Fuc:1; Hex:6; HexNAc:5; Neu5Ac:3}",8064465.56104,12787148.7158,7447040.87964
" QDQCIYNTTYLNVQR{Fuc:1; Hex:7; HexNAc:6; Neu5Ac:3}",1901059.3667,2172830.91821,1888042.40088
" QDQCIYNTTYLNVQR{Fuc:1; Hex:7; HexNAc:6; Neu5Ac:4}",8926511.17773,11229164.2266,10712492.3535
" QDQCIYNTTYLNVQR{Hex:5; HexNAc:4; Neu5Ac:2}",0,0,903796.937012
" QDQCIYNTTYLNVQR{Hex:6; HexNAc:5; Neu5Ac:2}",3424624.65576,4745014.17139,3878207.5957
" QDQCIYNTTYLNVQR{Hex:6; HexNAc:5; Neu5Ac:3}",38144012.47704,48039480.0622,41418522.51124
" QDQCIYNTTYLNVQR{Hex:7; HexNAc:6; Neu5Ac:2}",11584322.0283,14972400.688,12811638.0513
" QDQCIYNTTYLNVQR{Hex:7; HexNAc:6; Neu5Ac:3}",13113369.3018,14818325.00191,13843726.28418
" QDQCIYNTTYLNVQR{Hex:7; HexNAc:6; Neu5Ac:4}",39507515.65913,49736357.0962,47097141.4431
" QDQCIYNTTYLNVQR{Hex:8; HexNAc:7; Neu5Ac:3}",0,4446780.08496,4255711.58594
" QDQCIYNTTYLNVQR{Hex:8; HexNAc:7; Neu5Ac:4}",3307756.44336,4207904.42847,4032533.04297
