"","Example2_1","Example2_2","Example2_3"
" NEEYNK{Fuc:1; Hex:6; HexNAc:5; Neu5Ac:3}",922559.630127,1595305.65234,687820.916748
" NEEYNK{Hex:5; HexNAc:4; Neu5Ac:2}",5710249.07336,7803325.87927,5050663.26526
" NEEYNK{Hex:6; HexNAc:5; Neu5Ac:3}",5094637.853147,7318348.90454,4219379.491698
