"","Example2_1","Example2_2","Example2_3"
" SVQEIQATFFYFTPNK{Fuc:1; Hex:6; HexNAc:5; Neu5Ac:3}",25970690.1113,24324142.3081,21204752.4629
" SVQEIQATFFYFTPNK{Fuc:1; Hex:7; HexNAc:6; Neu5Ac:2}",7237130.84521,7937002.15649,6462856.89648
" SVQEIQATFFYFTPNK{Fuc:1; Hex:7; HexNAc:6; Neu5Ac:3}",16763373.6221,15888236.7129,14002791.5806
" SVQEIQATFFYFTPNK{Fuc:1; Hex:7; HexNAc:6; Neu5Ac:4}",2967103.51953,2830734.98364,0
" SVQEIQATFFYFTPNK{Hex:5; HexNAc:4; Neu5Ac:2}",17684336.7783,9349683.56128,24710459.7517
" SVQEIQATFFYFTPNK{Hex:6; HexNAc:5; Neu5Ac:1}",1394585.64746,872426.514648,1787043.88818
" SVQEIQATFFYFTPNK{Hex:6; HexNAc:5; Neu5Ac:2}",28260096.6147,28868553.2358,25179362.9199
" SVQEIQATFFYFTPNK{Hex:6; HexNAc:5; Neu5Ac:3}",25970690.1113,179156217.7291,158835821.1429
" SVQEIQATFFYFTPNK{Hex:7; HexNAc:6; Neu5Ac:2}",63071874.55521,67878326.72969,56671231.57668
" SVQEIQATFFYFTPNK{Hex:7; HexNAc:6; Neu5Ac:3}",123825832.2461,15888236.7129,110715917.0697
" SVQEIQATFFYFTPNK{Hex:7; HexNAc:6; Neu5Ac:4}",52779366.26143,55044905.57544,0
" SVQEIQATFFYFTPNK{Hex:8; HexNAc:7; Neu5Ac:3}",6774297.49658,0,6160135.69824
